,total_singscore,p_value
TGFBR3 PTM Regulation,0.3236588506395437,9.999000099990002e-05
Regulation of Receptor Binding (GO:1900120),0.3076445449828301,0.0016998300169983002
Positive Regulation of Myotube Differentiation (GO:0010831),0.2771067129157315,0.0156984301569843
Cellular Response to Hypoxia,0.2675882753919564,9.999000099990002e-05
Regulation of Gene Expression by Hypoxia-inducible Factor,0.2605131763329387,0.0020997900209979003
Regulation of Myotube Differentiation (GO:0010830),0.2546386280114332,9.999000099990002e-05
Signaling by TGFBR3,0.2545036931567055,9.999000099990002e-05
MAPK6 MAPK4 Signaling,0.24215822468400638,9.999000099990002e-05
Positive Regulation of Lymphocyte Differentiation (GO:0045621),0.24205429190826033,9.999000099990002e-05
Negative Regulation of Intrinsic Apoptotic Signaling Pathway (GO:2001243),0.24195825719371422,9.999000099990002e-05
Cellular Responses to Stress,0.24169151763153818,9.999000099990002e-05
Positive Regulation of Transmembrane Transport (GO:0034764),0.24099269851637584,0.00029997000299970003
Signaling by TGFB Family Members,0.2376191765199237,9.999000099990002e-05
Regulation of Cholesterol Biosynthesis by SREBP (SREBF),0.235766249697961,9.999000099990002e-05
Cellular Responses to Stimuli,0.23434627858839696,9.999000099990002e-05
Macromolecule Catabolic Process (GO:0009057),0.23335798705978406,9.999000099990002e-05
Regulation of Monoatomic Anion Transport (GO:0044070),0.22261987349520507,0.0461953804619538
Prostate cancer,0.2147611328437221,9.999000099990002e-05
Activation of Gene Expression by SREBF (SREBP),0.2145601251780751,9.999000099990002e-05
Cellular Response to Angiotensin (GO:1904385),0.2136,0.007099290070992901
ESR-mediated Signaling,0.2130378936863424,9.999000099990002e-05
Bladder cancer,0.21258810795405136,9.999000099990002e-05
Erythrocytes Take up Oxygen and Release Carbon Dioxide,0.21129883556426166,0.036896310368963105
Regulation of Cellular Response to Stress (GO:0080135),0.20521737528428863,9.999000099990002e-05
Regulation of Intrinsic Apoptotic Signaling Pathway (GO:2001242),0.2008215818516247,9.999000099990002e-05
Axon Guidance,0.1952546602296138,9.999000099990002e-05
Cellular Responses to Mechanical Stimuli,0.19288743288743282,9.999000099990002e-05
Response of Endothelial Cells to Shear Stress,0.19288743288743282,9.999000099990002e-05
Nervous System Development,0.1925233579293122,9.999000099990002e-05
Diabetic cardiomyopathy,0.19200566948066577,9.999000099990002e-05
O2 CO2 Exchange in Erythrocytes,0.19141632653061225,0.013998600139986002
Erythrocytes Take up Carbon Dioxide and Release Oxygen,0.19141632653061225,0.013998600139986002
Positive Regulation of Epithelial Cell Migration (GO:0010634),0.1913211732088136,9.999000099990002e-05
Hepatitis B,0.19017672604763824,9.999000099990002e-05
Positive Regulation of ERBB Signaling Pathway (GO:1901186),0.1880345846574203,0.0010998900109989002
Protein Catabolic Process (GO:0030163),0.1876402371533572,9.999000099990002e-05
Cellular Response to UV (GO:0034644),0.1867594638586536,9.999000099990002e-05
Positive Regulation of Protein Binding (GO:0032092),0.1844578551642263,9.999000099990002e-05
Positive Regulation of Growth (GO:0045927),0.18065992518120177,9.999000099990002e-05
Cholesterol Homeostasis,0.18045143760780447,9.999000099990002e-05
Estrogen Response Early,0.17636459503208424,9.999000099990002e-05
AGE-RAGE signaling pathway in diabetic complications,0.1750057620157166,9.999000099990002e-05
GnRH signaling pathway,0.17217588847143805,9.999000099990002e-05
EPH-Ephrin Signaling,0.17030940030940034,9.999000099990002e-05
Endodermal Cell Differentiation (GO:0035987),0.1693408366696626,0.0005999400059994001
Regulation of Epidermal Growth Factor Receptor Signaling Pathway (GO:0042058),0.16679770839330954,0.00019998000199980003
Signaling by Receptor Tyrosine Kinases,0.16635260308204913,9.999000099990002e-05
Regulation of Protein Localization to Cell Periphery (GO:1904375),0.16597181948131512,0.0023997600239976003
Epithelial Mesenchymal Transition,0.1659121244208679,9.999000099990002e-05
Human T-cell leukemia virus 1 infection,0.1631985945020037,9.999000099990002e-05
Cholesterol Biosynthesis,0.16289382958091858,0.0017998200179982
Proteoglycans in cancer,0.16178152500205611,9.999000099990002e-05
Negative Regulation of Apoptotic Signaling Pathway (GO:2001234),0.16136036316923597,9.999000099990002e-05
Signaling by Nuclear Receptors,0.16049804095170983,9.999000099990002e-05
Positive Regulation of Protein Modification Process (GO:0031401),0.16019161073840948,9.999000099990002e-05
High Laminar Flow Shear Stress Activates Signaling by PIEZO1 and PECAM1 CDH5 KDR in Endothelial Cell,0.15996737130757743,9.999000099990002e-05
Negative Regulation of Programmed Cell Death (GO:0043069),0.15942676744288298,9.999000099990002e-05
Regulation of Protein Localization to Plasma Membrane (GO:1903076),0.15908104114138588,9.999000099990002e-05
Positive Regulation of Epidermal Growth Factor Receptor Signaling Pathway (GO:0045742),0.15878930175581873,0.007499250074992501
Negative Regulation of Intracellular Signal Transduction (GO:1902532),0.15875473658476957,9.999000099990002e-05
Regulation of Vascular Associated Smooth Muscle Cell Proliferation (GO:1904705),0.15794312331453786,0.0004999500049995
Hypoxia,0.1571318958804322,9.999000099990002e-05
UV Response Up,0.1556695168782538,9.999000099990002e-05
Regulation of Tumor Necrosis Factor-Mediated Signaling Pathway (GO:0010803),0.15493300535808507,0.00029997000299970003
Estrogen signaling pathway,0.15383689236822695,9.999000099990002e-05
Fluid shear stress and atherosclerosis,0.15367977518559495,9.999000099990002e-05
Relaxin signaling pathway,0.1524798414650813,9.999000099990002e-05
Regulation of Protein Phosphorylation (GO:0001932),0.1520902971454352,9.999000099990002e-05
Positive Regulation of Organelle Organization (GO:0010638),0.14947819589273414,9.999000099990002e-05
Regulation of Apoptotic Process (GO:0042981),0.1494091073072198,9.999000099990002e-05
Neutrophil Degranulation,0.1479188413159238,9.999000099990002e-05
heme Metabolism,0.1475834183902488,9.999000099990002e-05
Developmental Biology,0.14714131426418042,9.999000099990002e-05
Protein Metabolic Process (GO:0019538),0.14707248601840495,9.999000099990002e-05
Regulation of Cell Growth (GO:0001558),0.14624530480183717,9.999000099990002e-05
Estrogen Response Late,0.14463090066431405,9.999000099990002e-05
Negative Regulation of Apoptotic Process (GO:0043066),0.14422377388668073,9.999000099990002e-05
Positive Regulation of Phosphorylation (GO:0042327),0.14283986776255153,9.999000099990002e-05
Lipid and atherosclerosis,0.14011983721943355,9.999000099990002e-05
Regulation of Release of Cytochrome C From Mitochondria (GO:0090199),0.13969117648682883,0.0018998100189981002
Extra-nuclear Estrogen Signaling,0.13739355491139926,9.999000099990002e-05
Positive Regulation of Binding (GO:0051099),0.13687237892661874,9.999000099990002e-05
Signaling by Interleukins,0.13612444491012698,9.999000099990002e-05
"Parathyroid hormone synthesis, secretion and action",0.13476566980745597,9.999000099990002e-05
Cytokine Signaling in Immune System,0.13400198587884038,9.999000099990002e-05
Adaptive Immune System,0.13193845425494144,9.999000099990002e-05
Positive Regulation of Cell Growth (GO:0030307),0.1318802598412795,9.999000099990002e-05
Macrophage Differentiation (GO:0030225),0.13156247022472678,0.017998200179982
MicroRNAs in cancer,0.13099511222891846,9.999000099990002e-05
Terpenoid backbone biosynthesis,0.12847480027323221,0.0192980701929807
Transcriptional misregulation in cancer,0.12802300751165785,9.999000099990002e-05
Regulation of Gene Expression (GO:0010468),0.1280113529682716,9.999000099990002e-05
Positive Regulation of Vascular Associated Smooth Muscle Cell Proliferation (GO:1904707),0.12778072682727648,0.023897610238976102
Positive Regulation of Cell Migration (GO:0030335),0.12684832414773828,9.999000099990002e-05
Protein Maturation (GO:0051604),0.12534608495850552,9.999000099990002e-05
Innate Immune System,0.12484469968592782,9.999000099990002e-05
Protein Processing (GO:0016485),0.12412479550212929,9.999000099990002e-05
Regulation of Cell Migration (GO:0030334),0.12397619676983451,9.999000099990002e-05
MAPK Family Signaling Cascades,0.1236884250231528,9.999000099990002e-05
Leukocyte transendothelial migration,0.1234249421956859,9.999000099990002e-05
Positive Regulation of Protein Phosphorylation (GO:0001934),0.12228250412145847,9.999000099990002e-05
Influenza A,0.12027946199161366,9.999000099990002e-05
Regulation of Notch Signaling Pathway (GO:0008593),0.11895520060435394,0.00039996000399960006
Apical Junction,0.11832646041496453,9.999000099990002e-05
Regulation of Protein Localization to Membrane (GO:1905475),0.11744985292916088,0.010498950104989501
Regulation of Cation Channel Activity (GO:2001257),0.11632031901198259,0.0184981501849815
Pperoxisome,0.11446210569438753,0.00019998000199980003
EPH-ephrin Mediated Repulsion of Cells,0.11093335580419983,0.0037996200379962005
T Cell Receptor Signaling Pathway (GO:0050852),0.11057879877661136,0.0005999400059994001
Signaling by SCF-KIT,0.1093133513484228,0.0057994200579942
Positive Regulation of Cell Motility (GO:2000147),0.10923198697662384,9.999000099990002e-05
TNF signaling pathway,0.10830769619638458,9.999000099990002e-05
Phospholipid Biosynthetic Process (GO:0008654),0.10824820245642863,0.0282971702829717
Negative Regulation of Notch Signaling Pathway (GO:0045746),0.10606042923664039,0.026497350264973504
Pathways in cancer,0.10544631710362051,9.999000099990002e-05
Positive Regulation of Gene Expression (GO:0010628),0.10439632722720049,9.999000099990002e-05
Endoderm Formation (GO:0001706),0.09780409140286284,0.0244975502449755
IL-2/STAT5 Signaling,0.09624054533449267,9.999000099990002e-05
Collagen Degradation,0.09584193379207229,0.007099290070992901
Complement,0.09346060916742926,9.999000099990002e-05
Regulation of IGF Transport and Uptake by Insulin-like Growth Factor Binding Proteins (IGFBPs),0.09327759305085559,0.00019998000199980003
Cell Surface Receptor Protein Tyrosine Kinase Signaling Pathway (GO:0007169),0.09310750519496391,9.999000099990002e-05
IL-17 signaling pathway,0.09268096533270687,0.0025997400259974
Metabolism of Lipids,0.0921825315820286,9.999000099990002e-05
Metabolism of Steroids,0.08870545039055266,9.999000099990002e-05
Positive Regulation of Cellular Process (GO:0048522),0.08729270572035874,9.999000099990002e-05
Degradation of the Extracellular Matrix,0.0863145376255895,0.0004999500049995
Regulation of DNA Binding (GO:0051101),0.08294014160141416,0.038396160383961604
Extracellular Matrix Organization,0.07896108195093332,9.999000099990002e-05
Antigen Receptor-Mediated Signaling Pathway (GO:0050851),0.0786189516776884,0.0027997200279972004
Interleukin-4 and Interleukin-13 Signaling,0.07720083763414431,0.0034996500349965005
Assembly of Collagen Fibrils and Other Multimeric Structures,0.07670720202078318,0.0206979302069793
Positive Regulation of Cytokine-Mediated Signaling Pathway (GO:0001961),0.07534258293800566,0.0423957604239576
Xenobiotic Metabolism,0.07468759857106166,0.00019998000199980003
Negative Regulation of Signal Transduction (GO:0009968),0.07391953833470732,9.999000099990002e-05
Coagulation,0.07381066868270236,0.0020997900209979003
Transport of Small Molecules,0.06987792347855237,9.999000099990002e-05
Proteolysis (GO:0006508),0.06339067725448122,0.00029997000299970003
Myeloid Leukocyte Differentiation (GO:0002573),0.060456283336217886,0.048095190480951906
Collagen Formation,0.05719640993609032,0.0342965703429657
Cellular Response to Oxygen-Containing Compound (GO:1901701),0.05278438358391846,0.00029997000299970003
Positive Regulation of Multicellular Organismal Process (GO:0051240),0.04972858118323242,0.0004999500049995
Positive Regulation of Cytokine Production (GO:0001819),0.04906765196841534,0.0025997400259974
Response to Lipopolysaccharide (GO:0032496),0.0468045078934185,0.029997000299970003
Lipid Metabolic Process (GO:0006629),0.041753920542111245,0.015998400159984
